fold,best_loss,best_ac_score,best_aa_score,best_epoch
1,0.20733559759836348,0.9465079365079365,5577.714285714286,9
mean,0.20733559759836348,0.9465079365079365,5617.333333333334,
