fold,best_loss,best_ac_score,best_aa_score,best_epoch
1,0.15302602205957685,0.953968253968254,5756.0,9
mean,0.15302602205957685,0.953968253968254,5681.333333333334,
